DATE,DTWEXBGS
2014-01-02,93.8192
2014-01-03,93.853
2014-01-06,93.9109
2014-01-07,94.0398
2014-01-08,94.2181
2014-01-09,94.3299
2014-01-10,94.0045
2014-01-13,93.899
2014-01-14,94.0303
2014-01-15,94.341
2014-01-16,94.5507
2014-01-17,94.5846
2014-01-20,.
2014-01-21,94.679
2014-01-22,94.8479
2014-01-23,94.8415
2014-01-24,94.8555
2014-01-27,94.9059
2014-01-28,94.88
2014-01-29,94.8621
2014-01-30,95.1294
2014-01-31,95.1774
2014-02-03,95.2469
2014-02-04,95.0438
2014-02-05,95.0285
2014-02-06,94.7177
2014-02-07,94.7457
2014-02-10,94.7189
2014-02-11,94.6377
2014-02-12,94.6209
2014-02-13,.
2014-02-14,94.2711
2014-02-17,.
2014-02-18,94.1934
2014-02-19,94.38
2014-02-20,94.6571
2014-02-21,.
2014-02-24,94.4042
2014-02-25,94.4735
2014-02-26,94.7754
2014-02-27,94.6722
2014-02-28,94.3879
2014-03-03,.
2014-03-04,94.6568
2014-03-05,94.4679
2014-03-06,93.9858
2014-03-07,94.2532
2014-03-10,94.3731
2014-03-11,94.387
2014-03-12,94.462
2014-03-13,94.1872
2014-03-14,94.243
2014-03-17,.
2014-03-18,94.2631
2014-03-19,94.3752
2014-03-20,94.9986
2014-03-21,94.8547
2014-03-24,94.759
2014-03-25,94.6379
2014-03-26,94.5281
2014-03-27,94.3315
2014-03-28,94.3683
2014-03-31,94.2432
2014-04-01,94.1244
2014-04-02,94.3103
2014-04-03,94.512
2014-04-04,94.2191
2014-04-07,94.0881
2014-04-08,93.6579
2014-04-09,93.6716
2014-04-10,93.5123
2014-04-11,93.6395
2014-04-14,93.8046
2014-04-15,93.9486
2014-04-16,93.9461
2014-04-17,93.8936
2014-04-18,93.9629
2014-04-21,94.0337
2014-04-22,94.0802
2014-04-23,94.149
2014-04-24,94.1294
2014-04-25,94.1623
2014-04-28,94.1374
2014-04-29,94.0295
2014-04-30,93.8896
2014-05-01,93.8707
2014-05-02,93.8182
2014-05-05,93.7334
2014-05-06,93.4324
2014-05-07,93.4337
2014-05-08,93.3686
2014-05-09,93.6614
2014-05-12,93.6537
2014-05-13,93.6755
2014-05-14,93.5968
2014-05-15,93.7065
2014-05-16,93.6073
2014-05-19,93.502
2014-05-20,93.6699
2014-05-21,93.7629
2014-05-22,93.6944
2014-05-23,93.7042
2014-05-26,.
2014-05-27,93.8418
2014-05-28,93.8793
2014-05-29,93.6973
2014-05-30,93.7606
2014-06-02,94.0006
2014-06-03,94.0536
2014-06-04,94.1239
2014-06-05,93.9732
2014-06-06,93.9069
2014-06-09,93.9628
2014-06-10,94.0638
2014-06-11,93.9744
2014-06-12,93.8155
2014-06-13,93.9168
2014-06-16,93.8639
2014-06-17,94.0829
2014-06-18,94.0525
2014-06-19,93.752
2014-06-20,93.7591
2014-06-23,93.628
2014-06-24,93.7093
2014-06-25,93.5851
2014-06-26,93.5471
2014-06-27,93.3983
2014-06-30,93.2058
2014-07-01,93.1365
2014-07-02,93.2478
2014-07-03,93.3149
2014-07-04,.
2014-07-07,93.3803
2014-07-08,93.323
2014-07-09,93.228
2014-07-10,93.3152
2014-07-11,93.4171
2014-07-14,93.4101
2014-07-15,93.5796
2014-07-16,93.5991
2014-07-17,93.6586
2014-07-18,93.6608
2014-07-21,93.6069
2014-07-22,93.6306
2014-07-23,93.5951
2014-07-24,93.6836
2014-07-25,93.8294
2014-07-28,93.83
2014-07-29,94.0443
2014-07-30,94.3473
2014-07-31,94.4467
2014-08-01,94.4754
2014-08-04,94.448
2014-08-05,94.6754
2014-08-06,94.6092
2014-08-07,94.6364
2014-08-08,94.6027
2014-08-11,94.4767
2014-08-12,94.5211
2014-08-13,94.4681
2014-08-14,94.3508
2014-08-15,94.2941
2014-08-18,94.2519
2014-08-19,94.4356
2014-08-20,94.5937
2014-08-21,94.673
2014-08-22,94.8012
2014-08-25,94.9159
2014-08-26,94.8617
2014-08-27,94.6863
2014-08-28,94.6947
2014-08-29,94.7251
2014-09-01,.
2014-09-02,95.063
2014-09-03,94.8709
2014-09-04,95.2641
2014-09-05,95.2203
2014-09-08,95.4167
2014-09-09,95.8811
2014-09-10,95.8641
2014-09-11,95.9184
2014-09-12,96.0748
2014-09-15,96.1195
2014-09-16,95.8483
2014-09-17,95.9106
2014-09-18,96.1284
2014-09-19,96.3417
2014-09-22,96.4625
2014-09-23,96.5112
2014-09-24,96.6574
2014-09-25,96.8988
2014-09-26,97.208
2014-09-29,97.3523
2014-09-30,97.5261
2014-10-01,97.5387
2014-10-02,97.3062
2014-10-03,97.9846
2014-10-06,97.5513
2014-10-07,97.4459
2014-10-08,97.4945
2014-10-09,97.1711
2014-10-10,97.4144
2014-10-13,.
2014-10-14,97.3943
2014-10-15,97.3532
2014-10-16,97.2869
2014-10-17,97.3067
2014-10-20,97.2874
2014-10-21,97.2488
2014-10-22,97.459
2014-10-23,97.6047
2014-10-24,97.4772
2014-10-27,97.5423
2014-10-28,97.2173
2014-10-29,97.0145
2014-10-30,97.456
2014-10-31,98.1163
2014-11-03,98.5336
2014-11-04,98.5576
2014-11-05,98.8086
2014-11-06,99.1325
2014-11-07,99.0236
2014-11-10,98.9305
2014-11-11,.
2014-11-12,98.8897
2014-11-13,99.1045
2014-11-14,99.0917
2014-11-17,99.2188
2014-11-18,99.0185
2014-11-19,99.2424
2014-11-20,99.2554
2014-11-21,99.2894
2014-11-24,99.4227
2014-11-25,99.2837
2014-11-26,99.1893
2014-11-27,.
2014-11-28,100.0719
2014-12-01,99.8964
2014-12-02,100.4478
2014-12-03,100.5696
2014-12-04,100.3931
2014-12-05,101.0989
2014-12-08,101.31
2014-12-09,100.8095
2014-12-10,101.0212
2014-12-11,101.4448
2014-12-12,101.3735
2014-12-15,101.674
2014-12-16,101.526
2014-12-17,101.5527
2014-12-18,101.7531
2014-12-19,102.0483
2014-12-22,101.9942
2014-12-23,102.348
2014-12-24,102.3028
2014-12-25,.
2014-12-26,.
2014-12-29,102.3767
2014-12-30,102.1019
2014-12-31,102.2843
2015-01-01,.
2015-01-02,102.9027
2015-01-05,103.4976
2015-01-06,103.2938
2015-01-07,103.6316
2015-01-08,103.2799
2015-01-09,103.1213
2015-01-12,103.2372
2015-01-13,103.27
2015-01-14,103.0903
2015-01-15,103.0829
2015-01-16,103.2189
2015-01-19,.
2015-01-20,103.5233
2015-01-21,103.7858
2015-01-22,103.9271
2015-01-23,104.3676
2015-01-26,104.4818
2015-01-27,104.1646
2015-01-28,104.4737
2015-01-29,105.2763
2015-01-30,105.5884
2015-02-02,105.2058
2015-02-03,104.6063
2015-02-04,104.785
2015-02-05,104.4915
2015-02-06,105.1283
2015-02-09,104.9889
2015-02-10,105.2897
2015-02-11,105.7901
2015-02-12,104.9385
2015-02-13,104.8452
2015-02-16,.
2015-02-17,.
2015-02-18,105.2514
2015-02-19,105.1407
2015-02-20,105.3387
2015-02-23,105.5359
2015-02-24,105.5472
2015-02-25,105.0503
2015-02-26,105.5021
2015-02-27,105.5981
2015-03-02,105.8151
2015-03-03,105.5562
2015-03-04,106.1333
2015-03-05,.
2015-03-06,107.4337
2015-03-09,107.5199
2015-03-10,108.1165
2015-03-11,108.5235
2015-03-12,108.1741
2015-03-13,108.9174
2015-03-16,108.6422
2015-03-17,108.5805
2015-03-18,108.408
2015-03-19,108.1826
2015-03-20,107.1671
2015-03-23,106.5022
2015-03-24,106.4401
2015-03-25,106.2636
2015-03-26,106.5582
2015-03-27,106.8916
2015-03-30,107.3941
2015-03-31,107.4396
2015-04-01,107.06
2015-04-02,106.6738
2015-04-03,105.8861
2015-04-06,105.7876
2015-04-07,106.4488
2015-04-08,106.4231
2015-04-09,107.0335
2015-04-10,107.4526
2015-04-13,107.7508
2015-04-14,107.0547
2015-04-15,107.1855
2015-04-16,106.2761
2015-04-17,106.329
2015-04-20,106.4902
2015-04-21,106.5582
2015-04-22,106.5815
2015-04-23,106.1658
2015-04-24,105.905
2015-04-27,105.6891
2015-04-28,105.1234
2015-04-29,104.5634
2015-04-30,105.312
2015-05-01,105.6382
2015-05-04,105.6679
2015-05-05,105.2396
2015-05-06,104.6935
2015-05-07,105.1941
2015-05-08,104.8424
2015-05-11,105.3075
2015-05-12,104.8924
2015-05-13,104.3608
2015-05-14,104.2359
2015-05-15,104.0202
2015-05-18,104.6068
2015-05-19,105.3448
2015-05-20,105.5605
2015-05-21,105.3808
2015-05-22,105.8487
2015-05-25,.
2015-05-26,106.7294
2015-05-27,106.908
2015-05-28,106.92
2015-05-29,106.7388
2015-06-01,107.2238
2015-06-02,106.4507
2015-06-03,106.1443
2015-06-04,106.4725
2015-06-05,107.1336
2015-06-08,106.7693
2015-06-09,106.2238
2015-06-10,105.8037
2015-06-11,106.0934
2015-06-12,105.9015
2015-06-15,105.9989
2015-06-16,106.0473
2015-06-17,106.058
2015-06-18,105.102
2015-06-19,105.4496
2015-06-22,105.3846
2015-06-23,105.9678
2015-06-24,106.2522
2015-06-25,106.1515
2015-06-26,106.4116
2015-06-29,106.3785
2015-06-30,106.5191
2015-07-01,107.0101
2015-07-02,106.9106
2015-07-03,.
2015-07-06,107.1343
2015-07-07,107.785
2015-07-08,107.4734
2015-07-09,107.5595
2015-07-10,107.213
2015-07-13,107.5849
2015-07-14,107.4843
2015-07-15,108.0149
2015-07-16,108.1726
2015-07-17,108.5374
2015-07-20,108.6944
2015-07-21,108.3893
2015-07-22,108.7817
2015-07-23,108.7565
2015-07-24,109.0174
2015-07-27,108.6924
2015-07-28,108.6881
2015-07-29,108.604
2015-07-30,109.4328
2015-07-31,108.7819
2015-08-03,109.214
2015-08-04,109.2244
2015-08-05,109.842
2015-08-06,109.722
2015-08-07,109.4376
2015-08-10,109.1931
2015-08-11,109.9464
2015-08-12,109.4655
2015-08-13,109.9025
2015-08-14,109.9174
2015-08-17,110.1435
2015-08-18,110.2504
2015-08-19,110.4333
2015-08-20,110.1077
2015-08-21,110.1443
2015-08-24,109.9306
2015-08-25,110.3394
2015-08-26,110.5807
2015-08-27,110.4834
2015-08-28,110.6714
2015-08-31,110.5621
2015-09-01,110.4506
2015-09-02,110.7979
2015-09-03,110.8566
2015-09-04,111.1018
2015-09-07,.
2015-09-08,110.7942
2015-09-09,110.9225
2015-09-10,110.6331
2015-09-11,110.6109
2015-09-14,110.5005
2015-09-15,110.6394
2015-09-16,110.1021
2015-09-17,110.1212
2015-09-18,109.8165
2015-09-21,110.6414
2015-09-22,111.1967
2015-09-23,111.6287
2015-09-24,111.4454
2015-09-25,111.3725
2015-09-28,111.3914
2015-09-29,111.5219
2015-09-30,111.3311
2015-10-01,111.0439
2015-10-02,110.7006
2015-10-05,110.4445
2015-10-06,110.1371
2015-10-07,109.8162
2015-10-08,109.6452
2015-10-09,109.0782
2015-10-12,.
2015-10-13,109.4119
2015-10-14,109.1244
2015-10-15,108.6671
2015-10-16,108.9956
2015-10-19,109.3858
2015-10-20,109.3368
2015-10-21,109.7746
2015-10-22,110.0342
2015-10-23,110.4329
2015-10-26,110.2089
2015-10-27,110.4875
2015-10-28,110.2334
2015-10-29,110.8083
2015-10-30,110.2079
2015-11-02,110.2188
2015-11-03,110.244
2015-11-04,110.7139
2015-11-05,110.8302
2015-11-06,111.7603
2015-11-09,111.9112
2015-11-10,111.9919
2015-11-11,.
2015-11-12,111.7965
2015-11-13,112.0264
2015-11-16,112.2199
2015-11-17,112.3141
2015-11-18,112.3663
2015-11-19,111.5749
2015-11-20,111.7799
2015-11-23,112.1125
2015-11-24,111.7638
2015-11-25,111.8936
2015-11-26,.
2015-11-27,112.2824
2015-11-30,112.34
2015-12-01,112.1134
2015-12-02,112.3715
2015-12-03,111.6407
2015-12-04,111.5463
2015-12-07,112.3056
2015-12-08,112.5485
2015-12-09,112.1918
2015-12-10,112.2672
2015-12-11,112.7147
2015-12-14,112.7521
2015-12-15,112.8609
2015-12-16,112.9864
2015-12-17,113.8177
2015-12-18,113.2837
2015-12-21,113.4144
2015-12-22,113.211
2015-12-23,113.1847
2015-12-24,113.0496
2015-12-25,.
2015-12-28,113.0461
2015-12-29,113.1664
2015-12-30,113.4707
2015-12-31,113.3429
2016-01-01,.
2016-01-04,114.1595
2016-01-05,114.2649
2016-01-06,114.6177
2016-01-07,114.6516
2016-01-08,115.0095
2016-01-11,115.0139
2016-01-12,115.3128
2016-01-13,115.1425
2016-01-14,115.3846
2016-01-15,115.7404
2016-01-18,.
2016-01-19,115.8155
2016-01-20,116.3498
2016-01-21,115.9833
2016-01-22,.
2016-01-25,.
2016-01-26,.
2016-01-27,115.5087
2016-01-28,115.2224
2016-01-29,115.5731
2016-02-01,115.3331
2016-02-02,115.553
2016-02-03,114.6144
2016-02-04,113.6012
2016-02-05,114.2935
2016-02-08,114.4351
2016-02-09,114.127
2016-02-10,114.2877
2016-02-11,114.1845
2016-02-12,114.2992
2016-02-15,.
2016-02-16,114.4905
2016-02-17,113.8634
2016-02-18,113.8897
2016-02-19,113.9558
2016-02-22,113.8232
2016-02-23,114.177
2016-02-24,114.1716
2016-02-25,113.9222
2016-02-26,114.3708
2016-02-29,114.2418
2016-03-01,113.9265
2016-03-02,113.7965
2016-03-03,113.2482
2016-03-04,112.6387
2016-03-07,112.6219
2016-03-08,112.8465
2016-03-09,112.4268
2016-03-10,112.4191
2016-03-11,111.741
2016-03-14,112.1688
2016-03-15,112.5545
2016-03-16,112.7759
2016-03-17,110.445
2016-03-18,110.4002
2016-03-21,110.737
2016-03-22,110.7877
2016-03-23,111.5473
2016-03-24,111.816
2016-03-25,111.7698
2016-03-28,111.3578
2016-03-29,111.3736
2016-03-30,110.2301
2016-03-31,109.9191
2016-04-01,110.2977
2016-04-04,110.3987
2016-04-05,110.9478
2016-04-06,110.5347
2016-04-07,110.8876
2016-04-08,110.4213
2016-04-11,109.9758
2016-04-12,109.816
2016-04-13,110.1436
2016-04-14,110.1691
2016-04-15,110.1933
2016-04-18,109.9892
2016-04-19,109.2782
2016-04-20,109.3926
2016-04-21,109.8533
2016-04-22,110.2331
2016-04-25,110.1865
2016-04-26,109.7496
2016-04-27,109.8483
2016-04-28,109.2148
2016-04-29,108.8274
2016-05-02,108.671
2016-05-03,109.3613
2016-05-04,109.9952
2016-05-05,110.2417
2016-05-06,110.3801
2016-05-09,110.9466
2016-05-10,110.8225
2016-05-11,110.2806
2016-05-12,110.6935
2016-05-13,111.2521
2016-05-16,111.1217
2016-05-17,111.0867
2016-05-18,111.4995
2016-05-19,112.2331
2016-05-20,112.1822
2016-05-23,112.284
2016-05-24,112.2912
2016-05-25,112.2001
2016-05-26,111.8979
2016-05-27,112.0822
2016-05-30,.
2016-05-31,112.4276
2016-06-01,112.462
2016-06-02,112.4564
2016-06-03,111.4451
2016-06-06,111.2295
2016-06-07,110.8378
2016-06-08,110.1916
2016-06-09,110.6168
2016-06-10,111.1027
2016-06-13,111.5036
2016-06-14,111.9826
2016-06-15,111.7671
2016-06-16,112.2347
2016-06-17,111.5332
2016-06-20,110.8693
2016-06-21,111.0077
2016-06-22,110.7681
2016-06-23,110.262
2016-06-24,112.1355
2016-06-27,113.1301
2016-06-28,112.7545
2016-06-29,111.8597
2016-06-30,112.1618
2016-07-01,111.6509
2016-07-04,.
2016-07-05,112.4231
2016-07-06,112.5438
2016-07-07,112.5775
2016-07-08,112.3963
2016-07-11,112.5254
2016-07-12,112.1102
2016-07-13,112.0266
2016-07-14,111.7692
2016-07-15,112.2833
2016-07-18,112.2463
2016-07-19,112.638
2016-07-20,112.6743
2016-07-21,112.6239
2016-07-22,112.989
2016-07-25,113.1784
2016-07-26,113.0593
2016-07-27,113.217
2016-07-28,112.7393
2016-07-29,111.874
2016-08-01,111.9757
2016-08-02,111.7124
2016-08-03,111.9419
2016-08-04,111.9149
2016-08-05,112.3589
2016-08-08,112.1456
2016-08-09,111.722
2016-08-10,111.3238
2016-08-11,111.1954
2016-08-12,111.1787
2016-08-15,110.9212
2016-08-16,110.4295
2016-08-17,110.9459
2016-08-18,110.3134
2016-08-19,110.8163
2016-08-22,110.9997
2016-08-23,110.9414
2016-08-24,111.2958
2016-08-25,111.1726
2016-08-26,111.2035
2016-08-29,111.8775
2016-08-30,112.2928
2016-08-31,112.4036
2016-09-01,112.1733
2016-09-02,112.0009
2016-09-05,.
2016-09-06,110.9613
2016-09-07,110.9717
2016-09-08,111.2609
2016-09-09,111.9879
2016-09-12,112.1516
2016-09-13,112.5207
2016-09-14,112.4678
2016-09-15,112.4753
2016-09-16,113.1765
2016-09-19,112.903
2016-09-20,113.1848
2016-09-21,112.9842
2016-09-22,112.2592
2016-09-23,112.7166
2016-09-26,112.7112
2016-09-27,112.5515
2016-09-28,112.6283
2016-09-29,112.2879
2016-09-30,112.2795
2016-10-03,112.5077
2016-10-04,112.6579
2016-10-05,112.7946
2016-10-06,113.0066
2016-10-07,113.2915
2016-10-10,.
2016-10-11,113.4461
2016-10-12,113.7442
2016-10-13,113.6238
2016-10-14,113.7119
2016-10-17,113.5488
2016-10-18,113.1393
2016-10-19,113.0547
2016-10-20,113.4033
2016-10-21,113.9015
2016-10-24,113.8571
2016-10-25,113.6801
2016-10-26,113.8131
2016-10-27,114.1998
2016-10-28,114.0931
2016-10-31,114.0188
2016-11-01,113.9915
2016-11-02,113.9206
2016-11-03,113.7664
2016-11-04,113.5828
2016-11-07,113.5443
2016-11-08,113.3017
2016-11-09,114.6956
2016-11-10,115.9375
2016-11-11,.
2016-11-14,117.2245
2016-11-15,116.7724
2016-11-16,116.8062
2016-11-17,116.8952
2016-11-18,117.5936
2016-11-21,117.4762
2016-11-22,117.4508
2016-11-23,118.0356
2016-11-24,.
2016-11-25,118.02
2016-11-28,117.7278
2016-11-29,117.644
2016-11-30,117.7636
2016-12-01,117.6642
2016-12-02,117.3116
2016-12-05,117.1008
2016-12-06,116.9225
2016-12-07,116.672
2016-12-08,117.0327
2016-12-09,117.2834
2016-12-12,116.9161
2016-12-13,116.8029
2016-12-14,116.7332
2016-12-15,118.8072
2016-12-16,118.3584
2016-12-19,118.3875
2016-12-20,118.63
2016-12-21,118.581
2016-12-22,118.8209
2016-12-23,118.7856
2016-12-26,.
2016-12-27,118.9506
2016-12-28,119.2305
2016-12-29,118.6637
2016-12-30,118.3466
2017-01-02,.
2017-01-03,119.0898
2017-01-04,118.8801
2017-01-05,118.0002
2017-01-06,118.3493
2017-01-09,118.4108
2017-01-10,118.5384
2017-01-11,119.0215
2017-01-12,117.8002
2017-01-13,117.9884
2017-01-16,.
2017-01-17,117.266
2017-01-18,117.7247
2017-01-19,118.3189
2017-01-20,.
2017-01-23,117.249
2017-01-24,117.0526
2017-01-25,116.9365
2017-01-26,117.2774
2017-01-27,117.074
2017-01-30,116.7328
2017-01-31,116.2249
2017-02-01,116.3923
2017-02-02,115.9036
2017-02-03,115.6262
2017-02-06,116.0507
2017-02-07,116.4086
2017-02-08,116.1387
2017-02-09,116.3061
2017-02-10,116.1479
2017-02-13,116.3425
2017-02-14,116.3944
2017-02-15,116.2158
2017-02-16,116.0065
2017-02-17,116.4033
2017-02-20,.
2017-02-21,116.5918
2017-02-22,116.2131
2017-02-23,115.6522
2017-02-24,115.8138
2017-02-27,115.6759
2017-02-28,116.003
2017-03-01,116.4374
2017-03-02,116.8421
2017-03-03,116.6429
2017-03-06,116.4304
2017-03-07,116.4294
2017-03-08,116.8741
2017-03-09,116.9952
2017-03-10,116.6154
2017-03-13,116.3999
2017-03-14,116.5639
2017-03-15,116.3576
2017-03-16,115.4452
2017-03-17,115.278
2017-03-20,115.0422
2017-03-21,114.8119
2017-03-22,114.7936
2017-03-23,114.7899
2017-03-24,114.6371
2017-03-27,114.235
2017-03-28,114.4191
2017-03-29,114.7162
2017-03-30,114.5239
2017-03-31,114.7934
2017-04-03,114.8728
2017-04-04,115.0032
2017-04-05,114.9488
2017-04-06,115.0175
2017-04-07,115.0537
2017-04-10,115.109
2017-04-11,115.0082
2017-04-12,114.9154
2017-04-13,114.5051
2017-04-14,114.536
2017-04-17,114.3278
2017-04-18,114.2576
2017-04-19,114.7928
2017-04-20,114.6212
2017-04-21,114.8133
2017-04-24,114.3666
2017-04-25,114.5124
2017-04-26,114.9491
2017-04-27,114.996
2017-04-28,114.7892
2017-05-01,114.5934
2017-05-02,114.6807
2017-05-03,114.665
2017-05-04,114.9093
2017-05-05,114.7743
2017-05-08,115.0911
2017-05-09,115.3947
2017-05-10,115.1157
2017-05-11,115.068
2017-05-12,114.749
2017-05-15,114.3515
2017-05-16,113.9936
2017-05-17,113.7523
2017-05-18,114.2707
2017-05-19,113.7023
2017-05-22,113.5465
2017-05-23,113.6883
2017-05-24,113.6767
2017-05-25,113.3737
2017-05-26,113.4851
2017-05-29,.
2017-05-30,113.5569
2017-05-31,113.2973
2017-06-01,113.3032
2017-06-02,113.1926
2017-06-05,112.9772
2017-06-06,112.7111
2017-06-07,112.8208
2017-06-08,112.8366
2017-06-09,112.9572
2017-06-12,112.9847
2017-06-13,112.6278
2017-06-14,112.0743
2017-06-15,112.8715
2017-06-16,112.6162
2017-06-19,112.7581
2017-06-20,113.2703
2017-06-21,113.3335
2017-06-22,113.166
2017-06-23,112.8673
2017-06-26,112.7641
2017-06-27,112.551
2017-06-28,112.076
2017-06-29,111.9996
2017-06-30,111.9911
2017-07-03,112.4282
2017-07-04,.
2017-07-05,112.6549
2017-07-06,112.4215
2017-07-07,112.3148
2017-07-10,112.1597
2017-07-11,112.1445
2017-07-12,111.5911
2017-07-13,111.5371
2017-07-14,110.9084
2017-07-17,110.9313
2017-07-18,110.4367
2017-07-19,110.4348
2017-07-20,110.2523
2017-07-21,110.1921
2017-07-24,110.2017
2017-07-25,110.2849
2017-07-26,110.3823
2017-07-27,110.2172
2017-07-28,109.9215
2017-07-31,109.8197
2017-08-01,109.8514
2017-08-02,109.7524
2017-08-03,109.8353
2017-08-04,110.2825
2017-08-07,110.3748
2017-08-08,110.3975
2017-08-09,110.3687
2017-08-10,110.1902
2017-08-11,110.044
2017-08-14,110.0966
2017-08-15,110.4859
2017-08-16,110.4405
2017-08-17,110.1686
2017-08-18,110.0421
2017-08-21,109.7363
2017-08-22,109.8396
2017-08-23,109.8105
2017-08-24,109.7534
2017-08-25,109.3427
2017-08-28,109.1831
2017-08-29,109.0964
2017-08-30,109.4067
2017-08-31,109.3698
2017-09-01,109.0514
2017-09-04,.
2017-09-05,108.8676
2017-09-06,108.4908
2017-09-07,107.9235
2017-09-08,107.8093
2017-09-11,108.154
2017-09-12,108.3253
2017-09-13,108.6638
2017-09-14,108.6194
2017-09-15,108.3166
2017-09-18,108.6419
2017-09-19,108.6163
2017-09-20,108.4351
2017-09-21,108.9288
2017-09-22,108.7563
2017-09-25,109.3322
2017-09-26,109.7787
2017-09-27,110.074
2017-09-28,110.2438
2017-09-29,110.0889
2017-10-02,110.3704
2017-10-03,110.33
2017-10-04,110.2443
2017-10-05,110.5839
2017-10-06,110.7857
2017-10-09,.
2017-10-10,110.3053
2017-10-11,110.3057
2017-10-12,110.3172
2017-10-13,110.2692
2017-10-16,110.5456
2017-10-17,110.9163
2017-10-18,110.7234
2017-10-19,110.4598
2017-10-20,111.0397
2017-10-23,111.2157
2017-10-24,111.405
2017-10-25,111.3932
2017-10-26,111.6442
2017-10-27,112.1516
2017-10-30,111.9034
2017-10-31,111.8078
2017-11-01,111.7966
2017-11-02,111.5493
2017-11-03,111.9402
2017-11-06,111.7217
2017-11-07,111.9466
2017-11-08,111.6953
2017-11-09,111.5646
2017-11-10,.
2017-11-13,111.7854
2017-11-14,111.512
2017-11-15,111.4834
2017-11-16,111.2591
2017-11-17,111.0041
2017-11-20,111.2622
2017-11-21,110.9849
2017-11-22,110.5655
2017-11-23,.
2017-11-24,110.0278
2017-11-27,110.1161
2017-11-28,110.304
2017-11-29,110.3291
2017-11-30,110.4678
2017-12-01,110.1441
2017-12-04,110.3995
2017-12-05,110.4928
2017-12-06,110.8735
2017-12-07,111.0205
2017-12-08,111.2297
2017-12-11,111.0852
2017-12-12,111.5239
2017-12-13,111.2786
2017-12-14,111.0922
2017-12-15,111.1312
2017-12-18,110.9116
2017-12-19,111.1286
2017-12-20,110.8392
2017-12-21,110.8815
2017-12-22,111.1027
2017-12-25,.
2017-12-26,110.9789
2017-12-27,110.8585
2017-12-28,110.5187
2017-12-29,110.0817
2018-01-01,.
2018-01-02,109.6478
2018-01-03,109.6785
2018-01-04,109.4813
2018-01-05,109.3529
2018-01-08,109.5712
2018-01-09,109.9056
2018-01-10,109.631
2018-01-11,109.4921
2018-01-12,108.9044
2018-01-15,.
2018-01-16,108.3253
2018-01-17,108.156
2018-01-18,108.0688
2018-01-19,107.9487
2018-01-22,108.1102
2018-01-23,108.0014
2018-01-24,107.0834
2018-01-25,106.5085
2018-01-26,106.6942
2018-01-29,107.1173
2018-01-30,107.1096
2018-01-31,106.7728
2018-02-01,106.491
2018-02-02,107.1187
2018-02-05,107.3336
2018-02-06,107.5239
2018-02-07,107.7206
2018-02-08,108.3055
2018-02-09,108.2612
2018-02-12,108.0365
2018-02-13,107.7608
2018-02-14,107.4726
2018-02-15,106.9902
2018-02-16,107.0392
2018-02-19,.
2018-02-20,107.6281
2018-02-21,107.8712
2018-02-22,107.8701
2018-02-23,107.6835
2018-02-26,107.7378
2018-02-27,108.1762
2018-02-28,108.3934
2018-03-01,108.539
2018-03-02,.
2018-03-05,108.365
2018-03-06,107.8005
2018-03-07,108.0949
2018-03-08,108.2707
2018-03-09,107.9264
2018-03-12,107.9472
2018-03-13,107.742
2018-03-14,107.8658
2018-03-15,108.2066
2018-03-16,108.4366
2018-03-19,108.318
2018-03-20,108.4986
2018-03-21,.
2018-03-22,107.9967
2018-03-23,107.7528
2018-03-26,107.1853
2018-03-27,107.3394
2018-03-28,107.5766
2018-03-29,107.6683
2018-03-30,107.4817
2018-04-02,107.7064
2018-04-03,107.5654
2018-04-04,107.6393
2018-04-05,107.7312
2018-04-06,107.7917
2018-04-09,107.5345
2018-04-10,107.3684
2018-04-11,107.1249
2018-04-12,107.293
2018-04-13,107.2392
2018-04-16,107.0621
2018-04-17,107.0368
2018-04-18,107.1124
2018-04-19,107.5224
2018-04-20,108.1815
2018-04-23,108.9361
2018-04-24,108.7936
2018-04-25,109.3476
2018-04-26,109.3672
2018-04-27,109.1763
2018-04-30,109.3389
2018-05-01,109.747
2018-05-02,110.165
2018-05-03,110.183
2018-05-04,110.2525
2018-05-07,110.5747
2018-05-08,111.0654
2018-05-09,110.8841
2018-05-10,110.4075
2018-05-11,110.2873
2018-05-14,110.4107
2018-05-15,111.2318
2018-05-16,111.3092
2018-05-17,111.3571
2018-05-18,111.7195
2018-05-21,111.6419
2018-05-22,111.1968
2018-05-23,111.6954
2018-05-24,111.4905
2018-05-25,111.5862
2018-05-28,.
2018-05-29,112.2142
2018-05-30,111.6751
2018-05-31,111.9914
2018-06-01,111.8287
2018-06-04,111.8269
2018-06-05,112.2662
2018-06-06,111.7551
2018-06-07,112.0754
2018-06-08,112.1091
2018-06-11,112.1132
2018-06-12,112.2164
2018-06-13,112.2604
2018-06-14,112.8616
2018-06-15,113.3403
2018-06-18,113.4924
2018-06-19,113.6414
2018-06-20,113.4809
2018-06-21,113.6135
2018-06-22,113.3074
2018-06-25,113.2889
2018-06-26,113.3045
2018-06-27,113.8999
2018-06-28,113.8434
2018-06-29,113.2618
2018-07-02,114.1704
2018-07-03,113.3252
2018-07-04,.
2018-07-05,112.979
2018-07-06,112.646
2018-07-09,112.6458
2018-07-10,112.5826
2018-07-11,112.8616
2018-07-12,112.7824
2018-07-13,113.074
2018-07-16,112.8473
2018-07-17,113.1539
2018-07-18,113.3384
2018-07-19,113.9499
2018-07-20,113.3249
2018-07-23,113.4283
2018-07-24,113.2078
2018-07-25,112.9252
2018-07-26,112.921
2018-07-27,112.8156
2018-07-30,112.6077
2018-07-31,112.7332
2018-08-01,112.8931
2018-08-02,113.1709
2018-08-03,113.0149
2018-08-06,113.2318
2018-08-07,112.9788
2018-08-08,113.1439
2018-08-09,113.3832
2018-08-10,114.3027
2018-08-13,114.8532
2018-08-14,114.6601
2018-08-15,115.1548
2018-08-16,114.6438
2018-08-17,114.5362
2018-08-20,114.3528
2018-08-21,113.863
2018-08-22,113.6657
2018-08-23,114.0961
2018-08-24,113.6015
2018-08-27,113.2752
2018-08-28,113.3476
2018-08-29,113.6493
2018-08-30,114.093
2018-08-31,114.2785
2018-09-03,.
2018-09-04,114.8615
2018-09-05,114.7509
2018-09-06,114.6509
2018-09-07,114.5843
2018-09-10,114.6828
2018-09-11,114.708
2018-09-12,114.222
2018-09-13,113.9299
2018-09-14,114.0689
2018-09-17,113.9189
2018-09-18,113.777
2018-09-19,113.6563
2018-09-20,113.5021
2018-09-21,113.5132
2018-09-24,113.5335
2018-09-25,113.7238
2018-09-26,113.6773
2018-09-27,113.9817
2018-09-28,113.8107
2018-10-01,113.8262
2018-10-02,113.8981
2018-10-03,114.1595
2018-10-04,114.6893
2018-10-05,114.5634
2018-10-08,.
2018-10-09,114.6604
2018-10-10,114.6094
2018-10-11,114.4098
2018-10-12,114.3716
2018-10-15,114.0475
2018-10-16,113.8987
2018-10-17,114.1778
2018-10-18,114.8187
2018-10-19,114.8593
2018-10-22,115.1807
2018-10-23,115.1677
2018-10-24,115.3778
2018-10-25,115.4854
2018-10-26,115.4752
2018-10-29,115.8961
2018-10-30,116.2382
2018-10-31,116.5304
2018-11-01,115.8678
2018-11-02,115.645
2018-11-05,115.7051
2018-11-06,115.5643
2018-11-07,115.2541
2018-11-08,115.6499
2018-11-09,116.4798
2018-11-12,.
2018-11-13,116.6712
2018-11-14,116.5
2018-11-15,116.3885
2018-11-16,115.9282
2018-11-19,115.9886
2018-11-20,116.2393
2018-11-21,116.0947
2018-11-22,.
2018-11-23,116.4739
2018-11-26,116.6234
2018-11-27,116.9026
2018-11-28,116.8369
2018-11-29,116.199
2018-11-30,116.4157
2018-12-03,115.9081
2018-12-04,116.0051
2018-12-05,.
2018-12-06,116.4019
2018-12-07,116.0875
2018-12-10,116.6775
2018-12-11,116.7591
2018-12-12,116.2241
2018-12-13,116.4003
2018-12-14,116.7927
2018-12-17,116.456
2018-12-18,116.4158
2018-12-19,116.0708
2018-12-20,116.0215
2018-12-21,116.2257
2018-12-24,116.2212
2018-12-25,.
2018-12-26,116.1192
2018-12-27,115.9957
2018-12-28,115.7262
2018-12-31,115.5703
2019-01-01,.
2019-01-02,115.7712
2019-01-03,115.4647
2019-01-04,114.9848
2019-01-07,114.5656
2019-01-08,114.7308
2019-01-09,114.143
2019-01-10,114.0515
2019-01-11,114.0419
2019-01-14,.
2019-01-15,114.341
2019-01-16,114.1377
2019-01-17,114.4123
2019-01-18,114.5591
2019-01-21,.
2019-01-22,114.7551
2019-01-23,114.5768
2019-01-24,114.6177
2019-01-25,114.0204
2019-01-28,114.0529
2019-01-29,114.0263
2019-01-30,114.0741
2019-01-31,113.5511
2019-02-01,113.7559
2019-02-04,113.8774
2019-02-05,114.044
2019-02-06,114.2311
2019-02-07,114.4344
2019-02-08,114.5011
2019-02-11,115.0324
2019-02-12,114.7314
2019-02-13,114.9424
2019-02-14,115.102
2019-02-15,114.9934
2019-02-18,.
2019-02-19,114.5711
2019-02-20,.
2019-02-21,114.5105
2019-02-22,114.2727
2019-02-25,114.1467
2019-02-26,114.0697
2019-02-27,114.0372
2019-02-28,114.2006
2019-03-01,114.5385
2019-03-04,114.6938
2019-03-05,114.8054
2019-03-06,114.9732
2019-03-07,115.4939
2019-03-08,115.362
2019-03-11,115.2988
2019-03-12,114.941
2019-03-13,114.7396
2019-03-14,114.7926
2019-03-15,114.5843
2019-03-18,114.4404
2019-03-19,114.2348
2019-03-20,114.1532
2019-03-21,114.1708
2019-03-22,114.6879
2019-03-25,114.4193
2019-03-26,114.6438
2019-03-27,115.127
2019-03-28,115.2609
2019-03-29,115.1398
2019-04-01,114.9384
2019-04-02,115.1199
2019-04-03,114.7238
2019-04-04,114.9722
2019-04-05,114.9749
2019-04-08,114.6914
2019-04-09,114.5342
2019-04-10,114.429
2019-04-11,114.6325
2019-04-12,114.3553
2019-04-15,114.4972
2019-04-16,114.6781
2019-04-17,114.5163
2019-04-18,114.7093
2019-04-19,114.6996
2019-04-22,114.7715
2019-04-23,115.1599
2019-04-24,115.4207
2019-04-25,115.7727
2019-04-26,115.4784
2019-04-29,115.5248
2019-04-30,115.3303
2019-05-01,115.0044
2019-05-02,115.5641
2019-05-03,115.267
2019-05-06,115.3835
2019-05-07,115.6139
2019-05-08,115.5196
2019-05-09,115.8448
2019-05-10,115.5362
2019-05-13,115.9177
2019-05-14,115.9454
2019-05-15,115.8596
2019-05-16,116.0379
2019-05-17,116.4516
2019-05-20,116.3161
2019-05-21,116.2883
2019-05-22,116.2449
2019-05-23,116.2404
2019-05-24,116.0844
2019-05-27,.
2019-05-28,116.3213
2019-05-29,116.5569
2019-05-30,116.4021
2019-05-31,116.7313
2019-06-03,116.481
2019-06-04,116.0953
2019-06-05,116.0342
2019-06-06,115.9821
2019-06-07,115.742
2019-06-10,115.5046
2019-06-11,115.3837
2019-06-12,115.4422
2019-06-13,115.6316
2019-06-14,115.9094
2019-06-17,115.9722
2019-06-18,115.8833
2019-06-19,115.7926
2019-06-20,114.8081
2019-06-21,114.8413
2019-06-24,114.6602
2019-06-25,114.6407
2019-06-26,114.5654
2019-06-27,114.6698
2019-06-28,114.5868
2019-07-01,114.7282
2019-07-02,114.8303
2019-07-03,114.818
2019-07-04,.
2019-07-05,115.1178
2019-07-08,115.0299
2019-07-09,115.1062
2019-07-10,115.0931
2019-07-11,114.841
2019-07-12,114.7731
2019-07-15,114.6866
2019-07-16,115.0159
2019-07-17,114.8864
2019-07-18,114.8786
2019-07-19,114.8737
2019-07-22,115.006
2019-07-23,115.3036
2019-07-24,115.2476
2019-07-25,115.3022
2019-07-26,115.549
2019-07-29,115.5931
2019-07-30,115.6257
2019-07-31,115.499
2019-08-01,116.0543
2019-08-02,116.1908
2019-08-05,116.5904
2019-08-06,116.6954
2019-08-07,116.8037
2019-08-08,116.479
2019-08-09,116.4466
2019-08-12,116.7598
2019-08-13,116.7315
2019-08-14,117.0957
2019-08-15,117.2278
2019-08-16,117.0828
2019-08-19,117.3931
2019-08-20,117.377
2019-08-21,117.181
2019-08-22,117.3602
2019-08-23,117.3058
2019-08-26,117.6711
2019-08-27,117.7556
2019-08-28,117.8823
2019-08-29,118.0682
2019-08-30,118.163
2019-09-02,.
2019-09-03,118.3161
2019-09-04,117.6777
2019-09-05,117.4823
2019-09-06,117.1337
2019-09-09,117.0649
2019-09-10,117.0932
2019-09-11,117.317
2019-09-12,116.8423
2019-09-13,116.7722
2019-09-16,117.0293
2019-09-17,116.9871
2019-09-18,116.9812
2019-09-19,117.0909
2019-09-20,117.1867
2019-09-23,117.3038
2019-09-24,117.2279
2019-09-25,117.6581
2019-09-26,117.7322
2019-09-27,117.7277
2019-09-30,117.952
2019-10-01,117.9652
2019-10-02,117.9725
2019-10-03,117.6659
2019-10-04,117.5338
2019-10-07,117.5583
2019-10-08,117.7455
2019-10-09,117.6886
2019-10-10,117.2852
2019-10-11,116.8289
2019-10-14,.
2019-10-15,116.8154
2019-10-16,116.647
2019-10-17,116.2663
2019-10-18,116.1391
2019-10-21,116.0485
2019-10-22,115.9899
2019-10-23,116.0633
2019-10-24,116.1323
2019-10-25,116.0819
2019-10-28,116.0268
2019-10-29,115.9842
2019-10-30,116.168
2019-10-31,115.9168
2019-11-01,115.7356
2019-11-04,115.8669
2019-11-05,116.118
2019-11-06,116.1043
2019-11-07,116.1211
2019-11-08,116.3472
2019-11-11,.
2019-11-12,116.5874
2019-11-13,116.8436
2019-11-14,116.8062
2019-11-15,116.4441
2019-11-18,116.3665
2019-11-19,116.5433
2019-11-20,116.8324
2019-11-21,116.7478
2019-11-22,116.918
2019-11-25,117.0141
2019-11-26,117.0561
2019-11-27,117.1323
2019-11-28,.
2019-11-29,117.1249
2019-12-02,116.9695
2019-12-03,116.8946
2019-12-04,116.6969
2019-12-05,116.3888
2019-12-06,116.5425
2019-12-09,116.3328
2019-12-10,116.2588
2019-12-11,116.1524
2019-12-12,115.8786
2019-12-13,115.7007
2019-12-16,115.559
2019-12-17,115.5593
2019-12-18,115.6659
2019-12-19,115.6029
2019-12-20,115.7636
2019-12-23,115.8098
2019-12-24,.
2019-12-25,.
2019-12-26,115.6379
2019-12-27,115.2239
2019-12-30,114.967
2019-12-31,114.6728
2020-01-01,.
2020-01-02,114.9778
2020-01-03,114.9895
2020-01-06,114.9588
2020-01-07,115.1501
2020-01-08,115.1354
2020-01-09,115.2358
2020-01-10,115.0705
2020-01-13,115.037
2020-01-14,115.0264
2020-01-15,114.9558
2020-01-16,115.0032
2020-01-17,115.0675
2020-01-20,.
2020-01-21,115.19
2020-01-22,115.2297
2020-01-23,115.557
2020-01-24,115.5578
2020-01-27,115.8025
2020-01-28,115.7261
2020-01-29,115.7022
2020-01-30,115.8098
2020-01-31,115.7371
2020-02-03,116.1207
2020-02-04,115.9326
2020-02-05,116.0121
2020-02-06,116.1548
2020-02-07,116.5117
2020-02-10,116.5742
2020-02-11,116.3615
2020-02-12,116.2824
2020-02-13,116.403
2020-02-14,116.4252
2020-02-17,.
2020-02-18,116.6068
2020-02-19,116.7858
2020-02-20,117.2488
2020-02-21,117.051
2020-02-24,117.4056
2020-02-25,117.2462
2020-02-26,117.4089
2020-02-27,117.3717
2020-02-28,117.6593
2020-03-02,116.8165
2020-03-03,116.4976
2020-03-04,116.7812
2020-03-05,116.7919
2020-03-06,116.7125
2020-03-09,117.19
2020-03-10,117.9045
2020-03-11,118.2531
2020-03-12,120.4905
2020-03-13,120.4402
2020-03-16,120.9368
2020-03-17,122.4819
2020-03-18,124.1622
2020-03-19,125.0599
2020-03-20,124.9371
2020-03-23,126.1264
2020-03-24,125.5011
2020-03-25,124.793
2020-03-26,122.4336
2020-03-27,122.4041
2020-03-30,123.2926
2020-03-31,122.5335
2020-04-01,123.7963
2020-04-02,123.5938
2020-04-03,124.4177
2020-04-06,124.1631
2020-04-07,123.0986
2020-04-08,123.2246
2020-04-09,122.4782
2020-04-10,122.1617
2020-04-13,122.523
2020-04-14,122.1154
2020-04-15,123.0778
2020-04-16,123.4638
2020-04-17,122.8736
2020-04-20,123.1062
2020-04-21,123.9139
2020-04-22,123.9288
2020-04-23,123.7582
2020-04-24,124.1654
2020-04-27,123.8887
2020-04-28,123.3734
2020-04-29,122.7824
2020-04-30,122.3317
2020-05-01,123.1536
2020-05-04,123.2156
2020-05-05,122.8062
2020-05-06,123.6123
2020-05-07,123.1286
2020-05-08,122.5416
2020-05-11,123.237
2020-05-12,123.0637
2020-05-13,123.5448
2020-05-14,123.6466
2020-05-15,123.6023
2020-05-18,122.8005
2020-05-19,122.5695
2020-05-20,122.1046
2020-05-21,122.0947
2020-05-22,122.3238
2020-05-25,.
2020-05-26,121.3904
2020-05-27,121.5714
2020-05-28,121.0178
2020-05-29,120.9497
2020-06-01,120.273
2020-06-02,119.6902
2020-06-03,119.2604
2020-06-04,119.3066
2020-06-05,118.8182
2020-06-08,118.6666
2020-06-09,118.5939
2020-06-10,118.5276
2020-06-11,119.2387
2020-06-12,119.668
2020-06-15,119.9579
2020-06-16,119.5708
2020-06-17,119.9144
2020-06-18,120.2211
2020-06-19,120.2221
2020-06-22,119.7574
2020-06-23,119.3332
2020-06-24,119.9789
2020-06-25,120.3041
2020-06-26,120.5375
2020-06-29,120.6704
2020-06-30,120.4697
2020-07-01,120.0858
2020-07-02,119.8608
2020-07-03,.
2020-07-06,119.2902
2020-07-07,119.5768
2020-07-08,119.5578
2020-07-09,119.5175
2020-07-10,119.3555
2020-07-13,119.1938
2020-07-14,119.3949
2020-07-15,119.0378
2020-07-16,118.9322
2020-07-17,119.129
2020-07-20,119.0538
2020-07-21,118.41
2020-07-22,118.14
2020-07-23,118.0678
2020-07-24,118.1394
2020-07-27,117.3932
2020-07-28,117.3253
2020-07-29,117.219
2020-07-30,117.4075
2020-07-31,117.215
2020-08-03,117.8139
2020-08-04,117.7902
2020-08-05,116.8806
2020-08-06,117.0493
2020-08-07,117.6306
2020-08-10,117.589
2020-08-11,117.3851
2020-08-12,117.2629
2020-08-13,117.1264
2020-08-14,116.9464
2020-08-17,116.7561
2020-08-18,116.567
2020-08-19,116.5741
2020-08-20,116.8195
2020-08-21,117.0638
2020-08-24,116.9193
2020-08-25,116.828
2020-08-26,116.6315
2020-08-27,116.6571
2020-08-28,115.9459
2020-08-31,115.7673
2020-09-01,115.5771
2020-09-02,116.0382
2020-09-03,116.0758
2020-09-04,116.042
2020-09-07,.
2020-09-08,116.4681
2020-09-09,116.1355
2020-09-10,115.8867
2020-09-11,116.0924
2020-09-14,115.6483
2020-09-15,115.5956
2020-09-16,115.3583
2020-09-17,115.4435
2020-09-18,115.244
2020-09-21,116.3826
2020-09-22,116.5482
2020-09-23,117.2576
2020-09-24,117.5524
2020-09-25,117.873
2020-09-28,117.6232
2020-09-29,117.5317
2020-09-30,116.9516
2020-10-01,116.7286
2020-10-02,116.7375
2020-10-05,116.1824
2020-10-06,116.2733
2020-10-07,116.35
2020-10-08,116.171
2020-10-09,115.2803
2020-10-12,.
2020-10-13,115.9154
2020-10-14,115.6918
2020-10-15,116.1003
2020-10-16,115.7715
2020-10-19,115.4069
2020-10-20,115.2519
2020-10-21,114.9142
2020-10-22,115.1194
2020-10-23,115.0159
2020-10-26,115.2831
2020-10-27,115.0167
2020-10-28,115.8053
2020-10-29,116.3091
2020-10-30,116.1372
2020-11-02,116.2382
2020-11-03,115.4826
2020-11-04,115.1698
2020-11-05,114.4578
2020-11-06,113.9939
2020-11-09,114.0914
2020-11-10,114.0772
2020-11-11,.
2020-11-12,114.2852
2020-11-13,114.2406
2020-11-16,113.8321
2020-11-17,113.6824
2020-11-18,113.4608
2020-11-19,113.6948
2020-11-20,113.4898
2020-11-23,113.7557
2020-11-24,113.4332
2020-11-25,113.1841
2020-11-26,.
2020-11-27,.
2020-11-30,113.2274
2020-12-01,112.8087
2020-12-02,112.6138
2020-12-03,112.0257
2020-12-04,111.7797
2020-12-07,111.8401
2020-12-08,111.8656
2020-12-09,112.0326
2020-12-10,111.9811
2020-12-11,112.1438
2020-12-14,112.1734
2020-12-15,111.8628
2020-12-16,111.7182
2020-12-17,111.2253
2020-12-18,111.6099
2020-12-21,111.9437
2020-12-22,112.1968
2020-12-23,111.9834
2020-12-24,.
2020-12-25,.
2020-12-28,111.9779
2020-12-29,111.5201
2020-12-30,111.3116
2020-12-31,111.3203
2021-01-01,.
2021-01-04,111.2098
2021-01-05,110.9612
2021-01-06,110.8531
2021-01-07,111.3085
2021-01-08,111.2894
2021-01-11,111.8303
2021-01-12,111.5542
2021-01-13,111.3656
2021-01-14,111.16
2021-01-15,111.5123
2021-01-18,.
2021-01-19,111.4545
2021-01-20,.
2021-01-21,111.2007
2021-01-22,111.5568
2021-01-25,111.8734
2021-01-26,111.6627
2021-01-27,112.0843
2021-01-28,112.0112
2021-01-29,111.9568
2021-02-01,112.4246
2021-02-02,112.2893
2021-02-03,112.2609
2021-02-04,112.7523
2021-02-05,112.2421
2021-02-08,112.047
2021-02-09,111.7731
2021-02-10,111.5899
2021-02-11,111.5329
2021-02-12,111.4945
2021-02-15,.
2021-02-16,111.7957
2021-02-17,112.0267
2021-02-18,112.1699
2021-02-19,111.7165
2021-02-22,111.9309
2021-02-23,111.9097
2021-02-24,111.7324
2021-02-25,111.9402
2021-02-26,112.8424
2021-03-01,112.5361
2021-03-02,112.5458
2021-03-03,112.7753
2021-03-04,112.7157
2021-03-05,113.762
2021-03-08,114.2827
2021-03-09,113.9434
2021-03-10,113.6007
2021-03-11,112.9338
2021-03-12,113.0404
2021-03-15,113.2065
2021-03-16,112.9968
2021-03-17,113.1725
2021-03-18,112.7866
2021-03-19,112.9865
2021-03-22,113.0147
2021-03-23,113.3024
2021-03-24,113.668
2021-03-25,114.0128
2021-03-26,113.7518
2021-03-29,113.9439
2021-03-30,114.2138
2021-03-31,113.8337
2021-04-01,113.7489
2021-04-02,113.7414
2021-04-05,113.405
2021-04-06,113.1556
2021-04-07,113.2518
2021-04-08,113.0995
2021-04-09,113.2118
2021-04-12,113.1902
2021-04-13,113.0474
2021-04-14,112.7935
2021-04-15,112.6249
2021-04-16,112.4894
2021-04-19,112.1906
2021-04-20,112.2418
2021-04-21,112.1841
2021-04-22,112.236
2021-04-23,112.0955
2021-04-26,111.8187
2021-04-27,111.9189
2021-04-28,111.8003
2021-04-29,111.7582
2021-04-30,112.0959
2021-05-03,112.018
2021-05-04,112.3024
2021-05-05,112.1646
2021-05-06,111.8534
2021-05-07,111.0378
2021-05-10,110.8041
2021-05-11,110.9051
2021-05-12,111.5781
2021-05-13,111.6092
2021-05-14,111.1488
2021-05-17,111.0927
2021-05-18,110.8461
2021-05-19,110.8945
2021-05-20,110.876
2021-05-21,111.0734
2021-05-24,110.9268
2021-05-25,110.857
2021-05-26,110.8821
2021-05-27,110.8842
2021-05-28,110.7719
2021-05-31,.
2021-06-01,110.5192
2021-06-02,110.5934
2021-06-03,111.1913
2021-06-04,110.7653
2021-06-07,110.5281
2021-06-08,110.6612
2021-06-09,110.5821
2021-06-10,110.5572
2021-06-11,111.1056
2021-06-14,110.9783
2021-06-15,111.3641
2021-06-16,111.129
2021-06-17,112.5876
2021-06-18,113.0508
2021-06-21,112.8505
2021-06-22,112.929
2021-06-23,112.3929
2021-06-24,112.3341
2021-06-25,111.9722
2021-06-28,112.0306
2021-06-29,112.2665
2021-06-30,112.5583
2021-07-01,112.7458
2021-07-02,112.5484
2021-07-05,.
2021-07-06,112.9573
2021-07-07,113.1102
2021-07-08,113.0834
2021-07-09,112.8442
2021-07-12,112.7675
2021-07-13,113.0126
2021-07-14,112.8852
2021-07-15,113.0084
2021-07-16,113.0461
2021-07-19,113.5497
2021-07-20,113.7536
2021-07-21,113.3992
2021-07-22,113.4759
2021-07-23,113.4452
2021-07-26,113.2306
2021-07-27,113.2293
2021-07-28,113.187
2021-07-29,112.4905
2021-07-30,112.6785
2021-08-02,112.6758
2021-08-03,112.8304
2021-08-04,112.9033
2021-08-05,112.7754
2021-08-06,113.316
2021-08-09,113.4594
2021-08-10,113.5041
2021-08-11,113.2884
2021-08-12,113.2745
2021-08-13,113.0676
2021-08-16,113.1755
2021-08-17,113.6227
2021-08-18,113.7013
2021-08-19,114.1151
2021-08-20,114.5069
2021-08-23,113.95
2021-08-24,113.6873
2021-08-25,113.6395
2021-08-26,113.7956
2021-08-27,113.3479
2021-08-30,113.2522
2021-08-31,113.1132
2021-09-01,112.8788
2021-09-02,112.7926
2021-09-03,112.5541
2021-09-06,.
2021-09-07,112.9845
2021-09-08,113.2361
2021-09-09,113.0482
2021-09-10,112.9468
2021-09-13,113.038
2021-09-14,113.0099
2021-09-15,112.981
2021-09-16,113.3068
2021-09-17,113.6015
2021-09-20,113.9451
2021-09-21,113.8209
2021-09-22,113.6254
2021-09-23,113.5174
2021-09-24,113.7646
2021-09-27,113.7484
2021-09-28,114.2524
2021-09-29,114.7142
2021-09-30,114.6461
2021-10-01,114.3857
2021-10-04,114.2818
2021-10-05,114.374
2021-10-06,114.7264
2021-10-07,114.5133
2021-10-08,114.6095
2021-10-11,.
2021-10-12,114.7658
2021-10-13,114.4815
2021-10-14,114.2175
2021-10-15,114.102
2021-10-18,114.0008
2021-10-19,113.6576
2021-10-20,113.5194
2021-10-21,113.631
2021-10-22,113.681
2021-10-25,113.6153
2021-10-26,113.6842
2021-10-27,113.6326
2021-10-28,113.452
2021-10-29,114.1482
2021-11-01,114.2237
2021-11-02,114.2992
2021-11-03,114.3753
2021-11-04,114.3685
2021-11-05,114.0846
2021-11-08,113.8369
2021-11-09,113.7721
2021-11-10,114.159
2021-11-11,.
2021-11-12,114.523
2021-11-15,114.5976
2021-11-16,115.1462
2021-11-17,115.0355
2021-11-18,115.0777
2021-11-19,115.2287
2021-11-22,115.6582
2021-11-23,116.0236
2021-11-24,116.2838
2021-11-25,.
2021-11-26,116.5252
2021-11-29,116.5945
2021-11-30,116.218
2021-12-01,115.9
2021-12-02,116.0286
2021-12-03,116.2488
2021-12-06,116.1633
2021-12-07,115.865
2021-12-08,115.4509
2021-12-09,115.787
2021-12-10,115.5818
2021-12-13,115.8501
2021-12-14,116.2484
2021-12-15,116.4301
2021-12-16,115.7231
2021-12-17,115.7976
2021-12-20,116.0153
2021-12-21,116.1156
2021-12-22,115.7568
2021-12-23,115.5426
2021-12-24,.
2021-12-27,115.4779
2021-12-28,115.4279
2021-12-29,115.3773
2021-12-30,115.2924
2021-12-31,.
2022-01-03,115.4102
2022-01-04,115.3238
2022-01-05,115.1558
2022-01-06,115.4221
2022-01-07,115.0641
2022-01-10,115.2341
2022-01-11,114.852
2022-01-12,114.3798
2022-01-13,114.2084
2022-01-14,114.4045
2022-01-17,.
2022-01-18,114.7533
2022-01-19,114.6272
2022-01-20,114.4819
2022-01-21,114.6262
2022-01-24,115.2085
2022-01-25,115.1693
2022-01-26,115.1017
2022-01-27,115.9723
2022-01-28,116.0306
2022-01-31,115.5667
2022-02-01,115.3726
2022-02-02,115.1617
2022-02-03,114.924
2022-02-04,115.1489
2022-02-07,115.022
2022-02-08,115.101
2022-02-09,114.836
2022-02-10,114.5711
2022-02-11,114.8568
2022-02-14,115.2012
2022-02-15,114.9348
2022-02-16,114.6971
2022-02-17,114.6867
2022-02-18,114.8057
2022-02-21,.
2022-02-22,114.7172
2022-02-23,114.6853
2022-02-24,115.9586
2022-02-25,115.2742
2022-02-28,115.2931
2022-03-01,115.8831
2022-03-02,115.8281
2022-03-03,116.0198
2022-03-04,116.7299
2022-03-07,117.4591
2022-03-08,117.7
2022-03-09,116.7173
2022-03-10,116.8532
2022-03-11,117.1274
2022-03-14,117.2438
2022-03-15,117.3029
2022-03-16,116.8654
2022-03-17,116.1148
2022-03-18,116.2161
2022-03-21,116.0252
2022-03-22,116.1654
2022-03-23,116.0702
2022-03-24,116.0328
2022-03-25,115.8678
2022-03-28,116.2449
2022-03-29,115.6164
2022-03-30,115.1226
2022-03-31,115.2445
2022-04-01,115.5139
2022-04-04,115.4466
2022-04-05,115.7518
2022-04-06,116.0177
2022-04-07,116.3496
2022-04-08,116.4177
2022-04-11,116.5583
2022-04-12,116.4058
2022-04-13,116.2932
2022-04-14,116.7606
2022-04-15,116.7137
2022-04-18,116.8545
2022-04-19,117.1443
2022-04-20,116.7633
2022-04-21,117.1711
2022-04-22,118.0334
2022-04-25,118.6324
2022-04-26,118.9579
2022-04-27,119.4542
2022-04-28,120.0505
2022-04-29,119.4772
2022-05-02,119.8619
2022-05-03,119.677
2022-05-04,119.5197
2022-05-05,119.9567
2022-05-06,119.8387
2022-05-09,120.4824
2022-05-10,120.7609
2022-05-11,120.3613
2022-05-12,121.2339
2022-05-13,120.8099
2022-05-16,120.6536
2022-05-17,119.8656
2022-05-18,119.9986
2022-05-19,119.3928
2022-05-20,119.322
2022-05-23,118.6605
2022-05-24,118.5609
2022-05-25,118.9145
2022-05-26,118.7586
2022-05-27,118.2787
2022-05-30,.
2022-05-31,118.0559
2022-06-01,118.6793
2022-06-02,118.0589
2022-06-03,118.2054
2022-06-06,118.2782
2022-06-07,118.4232
2022-06-08,118.3824
2022-06-09,118.8836
2022-06-10,119.9422
2022-06-13,121.0807
2022-06-14,121.5898
2022-06-15,121.5462
2022-06-16,120.5963
2022-06-17,121.1529
2022-06-20,.
2022-06-21,120.5505
2022-06-22,120.4383
2022-06-23,120.6703
2022-06-24,120.3971
2022-06-27,120.0907
2022-06-28,120.5248
2022-06-29,120.8569
2022-06-30,120.8719
2022-07-01,121.3983
2022-07-04,.
2022-07-05,122.5303
2022-07-06,122.9059
2022-07-07,122.6334
2022-07-08,122.3794
2022-07-11,123.1972
2022-07-12,123.3302
2022-07-13,123.1654
2022-07-14,123.9404
2022-07-15,123.3601
2022-07-18,122.6637
2022-07-19,122.3745
2022-07-20,122.4864
2022-07-21,122.8004
2022-07-22,122.3473
2022-07-25,122.3579
2022-07-26,122.6609
2022-07-27,122.7174
2022-07-28,122.024
2022-07-29,121.6934
2022-08-01,121.3454
2022-08-02,121.8569
2022-08-03,122.293
2022-08-04,121.7517
2022-08-05,122.2345
2022-08-08,121.7944
2022-08-09,121.7824
2022-08-10,120.6894
2022-08-11,120.655
2022-08-12,120.9499
2022-08-15,121.3583
2022-08-16,121.6112
2022-08-17,121.991
2022-08-18,122.2758
2022-08-19,122.9575
2022-08-22,123.5096
2022-08-23,122.9691
2022-08-24,123.0226
2022-08-25,122.9714
2022-08-26,122.9847
2022-08-29,123.3931
2022-08-30,123.607
2022-08-31,123.4535
2022-09-01,124.3064
2022-09-02,123.6919
2022-09-05,.
2022-09-06,124.6871
2022-09-07,124.7649
2022-09-08,124.5036
2022-09-09,123.7185
2022-09-12,123.28
2022-09-13,124.3481
2022-09-14,124.3788
2022-09-15,124.8118
2022-09-16,124.8039
2022-09-19,124.9384
2022-09-20,125.0583
2022-09-21,125.6664
2022-09-22,126.0729
2022-09-23,127.169
2022-09-26,128.3196
2022-09-27,128.3198
2022-09-28,127.9785
2022-09-29,127.4238
2022-09-30,127.4039
2022-10-03,126.977
2022-10-04,126.1065
2022-10-05,126.7759
2022-10-06,127.1507
2022-10-07,127.215
2022-10-10,.
2022-10-11,127.5866
2022-10-12,128.0611
2022-10-13,127.6538
2022-10-14,128.2418
2022-10-17,127.578
2022-10-18,127.843
2022-10-19,128.3211
2022-10-20,127.9346
2022-10-21,127.606
2022-10-24,127.9692
2022-10-25,127.3311
2022-10-26,126.4195
2022-10-27,126.6541
2022-10-28,127.1645
2022-10-31,127.5786
2022-11-01,127.348
2022-11-02,127.2652
2022-11-03,128.1087
2022-11-04,127.1053
2022-11-07,126.2613
2022-11-08,125.6077
2022-11-09,125.9479
2022-11-10,124.6714
2022-11-11,.
2022-11-14,123.3884
2022-11-15,122.9951
2022-11-16,123.243
2022-11-17,123.946
2022-11-18,123.8169
2022-11-21,124.6611
2022-11-22,124.1986
2022-11-23,123.734
2022-11-24,.
2022-11-25,123.3171
2022-11-28,123.5866
2022-11-29,123.6284
2022-11-30,123.467
2022-12-01,121.9697
2022-12-02,121.9745
2022-12-05,122.5802
2022-12-06,122.9649
2022-12-07,122.7015
2022-12-08,122.3684
2022-12-09,122.3712
2022-12-12,122.7245
2022-12-13,121.8116
2022-12-14,121.7922
2022-12-15,122.5201
2022-12-16,122.6127
2022-12-19,122.5102
2022-12-20,122.1117
2022-12-21,122.2665
2022-12-22,122.2105
2022-12-23,121.9579
2022-12-26,.
2022-12-27,121.7378
2022-12-28,121.9983
2022-12-29,121.6556
2022-12-30,121.4047
2023-01-02,.
2023-01-03,122.041
2023-01-04,121.4767
2023-01-05,122.0316
2023-01-06,121.044
2023-01-09,120.0928
2023-01-10,120.1881
2023-01-11,120.0968
2023-01-12,119.3624
2023-01-13,119.0901
2023-01-16,.
2023-01-17,119.1802
2023-01-18,119.0426
2023-01-19,119.5592
2023-01-20,119.3251
2023-01-23,119.1417
2023-01-24,119.0923
2023-01-25,118.9715
2023-01-26,119.0236
2023-01-27,118.9295
2023-01-30,118.8786
2023-01-31,118.9619
2023-02-01,118.6101
2023-02-02,118.3164
2023-02-03,119.4642
2023-02-06,120.461
2023-02-07,120.2808
2023-02-08,120.101
2023-02-09,119.9425
2023-02-10,120.1228
2023-02-13,119.9952
2023-02-14,119.9426
2023-02-15,120.4772
2023-02-16,120.4938
2023-02-17,120.5898
2023-02-20,.
2023-02-21,120.6705
2023-02-22,120.8904
2023-02-23,121.1348
2023-02-24,121.6304
2023-02-27,121.4665
2023-02-28,121.4065
2023-03-01,120.6963
2023-03-02,121.1967
2023-03-03,120.8531
2023-03-06,120.5949
2023-03-07,121.5364
2023-03-08,121.5306
2023-03-09,121.5307
2023-03-10,121.2924
2023-03-13,120.8944
2023-03-14,121.0358
2023-03-15,122.0832
2023-03-16,121.7344
2023-03-17,121.5752
2023-03-20,121.0546
2023-03-21,120.9481
2023-03-22,120.6877
2023-03-23,119.809
2023-03-24,120.503
2023-03-27,120.3227
2023-03-28,119.8059
2023-03-29,119.8398
2023-03-30,119.5304
2023-03-31,119.4828
2023-04-03,119.4623
2023-04-04,119.2988
2023-04-05,119.4385
2023-04-06,119.4597
2023-04-07,119.5033
